profile,member_id,source_url,input_phrase,candidate_origin,resolved_phrase,disposition,reason,concept_id,concept_id_system,umls_canonical_label,preferred_display_label,mesh_preferred_label,source_vocabulary,semantic_types,match_method,lexical_score,confidence_0_10,umbrella_id,umbrella_label,umbrella_rule_id,scopus_supporting_publications,scopus_latest_year
Aaron Gruber,mem_bd2c4a5235,https://profiles.ucalgary.ca/aaron-gruber,attention deficit disorder,permissive_extractor,attention deficit disorder,accepted,filtered UMLS concept with curated HBI umbrella,C0041671,UMLS_CUI,Attention Deficit Disorder,Attention Deficit Disorders,Attention Deficit Disorders,MSH,Mental or Behavioral Dysfunction,umls_exact,1.0,10.0,HBI-MED-001,Mental Health,MESH-MH-001,0,0
Aaron Gruber,mem_bd2c4a5235,https://profiles.ucalgary.ca/aaron-gruber,autism,permissive_extractor | structured_source,autism,accepted,filtered UMLS concept with curated HBI umbrella,C0004352,UMLS_CUI,Autistic Disorder,Autistic Disorder,Autistic Disorder,MSH,Mental or Behavioral Dysfunction,umls_exact,0.174,9.73,HBI-MED-001,Mental Health,MESH-MH-001,0,0
Aaron Gruber,mem_bd2c4a5235,https://profiles.ucalgary.ca/aaron-gruber,depression,permissive_extractor,depression,accepted,filtered UMLS concept with curated HBI umbrella,C0011570,UMLS_CUI,Mental Depression,Depression,Depression,MSH,Mental or Behavioral Dysfunction,umls_exact,0.596,9.93,HBI-MED-001,Mental Health,MESH-MH-001,1,2022
Aaron Gruber,mem_bd2c4a5235,https://profiles.ucalgary.ca/aaron-gruber,environmental toxins,permissive_extractor,environmental toxins,review,medical UMLS concept found; HBI umbrella requires review,C0269775,UMLS_CUI,fetal abnormality due to environmental toxins,fetal abnormality due to environmental toxins,,MEDCIN,Disease or Syndrome,umls_words,0.486,8.06,,,,0,0
Aaron Gruber,mem_bd2c4a5235,https://profiles.ucalgary.ca/aaron-gruber,inflammatory molecules,permissive_extractor,inflammatory molecules,unresolved,no sufficiently similar medical UMLS or MeSH concept,,,,,,,,,0.0,0.0,,,,0,0
Aaron Gruber,mem_bd2c4a5235,https://profiles.ucalgary.ca/aaron-gruber,machine learning,permissive_extractor | structured_source,machine learning,review,local MeSH fallback after broad UMLS candidate search,D000069550,MeSH,,Machine Learning,Machine Learning,MSH,,mesh_fallback,1.0,10.0,,,,1,2019
Aaron Gruber,mem_bd2c4a5235,https://profiles.ucalgary.ca/aaron-gruber,Mental Health,structured_source,Mental Health,accepted,filtered UMLS concept with curated HBI umbrella,C0025353,UMLS_CUI,mental health,Mental Health,Mental Health,MSH,Mental Process,umls_exact,1.0,9.53,HBI-MED-001,Mental Health,MESH-MH-001,0,0
Aaron Gruber,mem_bd2c4a5235,https://profiles.ucalgary.ca/aaron-gruber,Mitochondria,structured_source,Mitochondria,accepted,filtered UMLS concept with curated HBI umbrella,C0026237,UMLS_CUI,Mitochondria,Mitochondria,Mitochondria,MSH,Cell Component,umls_exact,1.0,10.0,HBI-MED-010,Cellular and Molecular Neuroscience,MESH-CELL-001,0,0
Aaron Gruber,mem_bd2c4a5235,https://profiles.ucalgary.ca/aaron-gruber,Neurodevelopmental Disorders,structured_source,Neurodevelopmental Disorders,accepted,filtered UMLS concept with curated HBI umbrella,C1535926,UMLS_CUI,Neurodevelopmental Disorders,Neurodevelopmental Disorders,Neurodevelopmental Disorders,MSH,Mental or Behavioral Dysfunction,umls_exact,1.0,10.0,HBI-MED-001,Mental Health,MESH-MH-001,0,0
Aaron Gruber,mem_bd2c4a5235,https://profiles.ucalgary.ca/aaron-gruber,neuromodulators like dopamine,permissive_extractor,Neurotransmitter Agents,accepted,filtered UMLS concept with curated HBI umbrella,C0243051,UMLS_CUI,Neurotransmitter Agents,Neurotransmitter Agents,Neurotransmitter Agents,MSH,Pharmacologic Substance,umls_exact,1.0,10.0,HBI-MED-008,Pharmacology and Therapeutics,MESH-PHARM-001,0,0
Adrianna Giuffre,mem_9caecf64a4,https://profiles.ucalgary.ca/adrianna-giuffre,brain stimulation,permissive_extractor | structured_source,brain stimulation,review,medical UMLS concept found; HBI umbrella requires review,C0870227,UMLS_CUI,Brain stimulation,Brain stimulation,,SNOMEDCT_US,Therapeutic or Preventive Procedure,umls_exact,1.0,9.65,,,,0,0
Adrianna Giuffre,mem_9caecf64a4,https://profiles.ucalgary.ca/adrianna-giuffre,clinical outcomes,permissive_extractor,clinical outcomes,review,medical UMLS concept found; HBI umbrella requires review,C4273501,UMLS_CUI,Assessment using Clinical Outcomes in Routine Evaluation 10,Assessment using Clinical Outcomes in Routine Evaluation 10,,SNOMEDCT_US,Diagnostic Procedure,umls_words,0.379,8.11,,,,0,0
Adrianna Giuffre,mem_9caecf64a4,https://profiles.ucalgary.ca/adrianna-giuffre,depression,permissive_extractor,depression,accepted,filtered UMLS concept with curated HBI umbrella,C0011570,UMLS_CUI,Mental Depression,Depression,Depression,MSH,Mental or Behavioral Dysfunction,umls_exact,0.596,9.73,HBI-MED-001,Mental Health,MESH-MH-001,0,0
Adrianna Giuffre,mem_9caecf64a4,https://profiles.ucalgary.ca/adrianna-giuffre,development of psychiatric disorders in children,permissive_extractor,Mental Disorders,accepted,filtered UMLS concept with curated HBI umbrella,C0004936,UMLS_CUI,Mental disorders,Mental Disorders,Mental Disorders,MSH,Mental or Behavioral Dysfunction,umls_exact,1.0,10.0,HBI-MED-001,Mental Health,MESH-MH-001,0,0
Adrianna Giuffre,mem_9caecf64a4,https://profiles.ucalgary.ca/adrianna-giuffre,epilepsy,permissive_extractor | structured_source,epilepsy,accepted,filtered UMLS concept with curated HBI umbrella,C0014544,UMLS_CUI,Epilepsy,Epilepsy,Epilepsy,MSH,Disease or Syndrome,umls_exact,1.0,10.0,HBI-MED-002,Neurological Disorders,MESH-NEURO-001,0,0
Adrianna Giuffre,mem_9caecf64a4,https://profiles.ucalgary.ca/adrianna-giuffre,individuals with neurological conditions,permissive_extractor,individuals with neurological conditions,unresolved,no sufficiently similar medical UMLS or MeSH concept,,,,,,,,,0.0,0.0,,,,0,0
Adrianna Giuffre,mem_9caecf64a4,https://profiles.ucalgary.ca/adrianna-giuffre,mental health,permissive_extractor | structured_source,mental health,accepted,filtered UMLS concept with curated HBI umbrella,C0025353,UMLS_CUI,mental health,Mental Health,Mental Health,MSH,Mental Process,umls_exact,1.0,9.53,HBI-MED-001,Mental Health,MESH-MH-001,0,0
Adrianna Giuffre,mem_9caecf64a4,https://profiles.ucalgary.ca/adrianna-giuffre,multiple sclerosis,permissive_extractor | structured_source,multiple sclerosis,accepted,filtered UMLS concept with curated HBI umbrella,C0026769,UMLS_CUI,Multiple Sclerosis,Multiple Sclerosis,Multiple Sclerosis,MSH,Disease or Syndrome,umls_exact,1.0,10.0,HBI-MED-002,Neurological Disorders,MESH-NEURO-001,0,0
Adrianna Giuffre,mem_9caecf64a4,https://profiles.ucalgary.ca/adrianna-giuffre,neurodevelopment disorders,permissive_extractor | structured_source,Neurodevelopmental Disorders,accepted,filtered UMLS concept with curated HBI umbrella,C1535926,UMLS_CUI,Neurodevelopmental Disorders,Neurodevelopmental Disorders,Neurodevelopmental Disorders,MSH,Mental or Behavioral Dysfunction,umls_exact,1.0,10.0,HBI-MED-001,Mental Health,MESH-MH-001,0,0
Adrianna Giuffre,mem_9caecf64a4,https://profiles.ucalgary.ca/adrianna-giuffre,neuroimaging,permissive_extractor | structured_source,neuroimaging,accepted,filtered UMLS concept with curated HBI umbrella,C0679575,UMLS_CUI,Neuroimaging,Neuroimaging,Neuroimaging,MSH,Diagnostic Procedure,umls_exact,1.0,10.0,HBI-MED-005,Imaging and Diagnostics,MESH-IMG-001,0,0
Adrianna Giuffre,mem_9caecf64a4,https://profiles.ucalgary.ca/adrianna-giuffre,stroke,permissive_extractor,stroke,accepted,filtered UMLS concept with curated HBI umbrella,C0038454,UMLS_CUI,Cerebrovascular accident,Stroke,Stroke,MSH,Disease or Syndrome,umls_exact,0.08,9.73,HBI-MED-006,Cardiovascular Health,MESH-CARDIO-001,0,0
Bradley Gordon Goodyear,mem_126415dca2,https://profiles.ucalgary.ca/bradley-gordon-goodyear,as well as the interaction between the brain,permissive_extractor,as well as the interaction between the brain,unresolved,no sufficiently similar medical UMLS or MeSH concept,,,,,,,,,0.0,0.0,,,,0,0
Bradley Gordon Goodyear,mem_126415dca2,https://profiles.ucalgary.ca/bradley-gordon-goodyear,epilepsy,permissive_extractor | structured_source,epilepsy,accepted,filtered UMLS concept with curated HBI umbrella,C0014544,UMLS_CUI,Epilepsy,Epilepsy,Epilepsy,MSH,Disease or Syndrome,umls_exact,1.0,10.0,HBI-MED-002,Neurological Disorders,MESH-NEURO-001,4,2024
Bradley Gordon Goodyear,mem_126415dca2,https://profiles.ucalgary.ca/bradley-gordon-goodyear,imaging studies include,permissive_extractor,imaging studies include,rejected,sentence-like narrative fragment,,,,,,,,,0.0,0.0,,,,0,0
Bradley Gordon Goodyear,mem_126415dca2,https://profiles.ucalgary.ca/bradley-gordon-goodyear,movement disorders,permissive_extractor | structured_source,movement disorders,accepted,filtered UMLS concept with curated HBI umbrella,C0026650,UMLS_CUI,Movement Disorders,Movement Disorders,Movement Disorders,MSH,Disease or Syndrome,umls_exact,1.0,10.0,HBI-MED-002,Neurological Disorders,MESH-NEURO-001,0,0
Bradley Gordon Goodyear,mem_126415dca2,https://profiles.ucalgary.ca/bradley-gordon-goodyear,multiple sclerosis,permissive_extractor | structured_source,multiple sclerosis,accepted,filtered UMLS concept with curated HBI umbrella,C0026769,UMLS_CUI,Multiple Sclerosis,Multiple Sclerosis,Multiple Sclerosis,MSH,Disease or Syndrome,umls_exact,1.0,10.0,HBI-MED-002,Neurological Disorders,MESH-NEURO-001,2,2015
Bradley Gordon Goodyear,mem_126415dca2,https://profiles.ucalgary.ca/bradley-gordon-goodyear,peripheral inflammatory disease processes,permissive_extractor,peripheral inflammatory disease processes,unresolved,no sufficiently similar medical UMLS or MeSH concept,,,,,,,,,0.0,0.0,,,,0,0
Bradley Gordon Goodyear,mem_126415dca2,https://profiles.ucalgary.ca/bradley-gordon-goodyear,predict patient outcomes,permissive_extractor,predict patient outcomes,unresolved,no sufficiently similar medical UMLS or MeSH concept,,,,,,,,,0.0,0.0,,,,0,0
Bradley Gordon Goodyear,mem_126415dca2,https://profiles.ucalgary.ca/bradley-gordon-goodyear,traumatic brain injury,permissive_extractor | structured_source,traumatic brain injury,accepted,filtered UMLS concept with curated HBI umbrella,C0876926,UMLS_CUI,Traumatic Brain Injury,"Brain Injuries, Traumatic","Brain Injuries, Traumatic",MSH,Injury or Poisoning,umls_exact,1.0,10.0,HBI-MED-003,Brain Injury and Neurotrauma,MESH-BRAIN-INJ-001,0,0
Chad Bousman,mem_d21327a3f5,https://profiles.ucalgary.ca/chad-bousman,depression,permissive_extractor,depression,accepted,filtered UMLS concept with curated HBI umbrella,C0011570,UMLS_CUI,Mental Depression,Depression,Depression,MSH,Mental or Behavioral Dysfunction,umls_exact,0.596,10.0,HBI-MED-001,Mental Health,MESH-MH-001,26,2026
Chad Bousman,mem_d21327a3f5,https://profiles.ucalgary.ca/chad-bousman,Genomics,structured_source,Genomics,accepted,local MeSH fallback after broad UMLS candidate search,D023281,MeSH,,Genomics,Genomics,MSH,,mesh_fallback,1.0,10.0,HBI-MED-009,Genetics and Genomics,MESH-GEN-001,0,0
Chad Bousman,mem_d21327a3f5,https://profiles.ucalgary.ca/chad-bousman,"genomics, mental illness, pharmacotherapy, pharmacogenomics",permissive_extractor,genomics,accepted,local MeSH fallback after broad UMLS candidate search,D023281,MeSH,,Genomics,Genomics,MSH,,mesh_fallback,1.0,10.0,HBI-MED-009,Genetics and Genomics,MESH-GEN-001,0,0
Chad Bousman,mem_d21327a3f5,https://profiles.ucalgary.ca/chad-bousman,"genomics, mental illness, pharmacotherapy, pharmacogenomics",permissive_extractor,Mental Disorders,accepted,filtered UMLS concept with curated HBI umbrella,C0004936,UMLS_CUI,Mental disorders,Mental Disorders,Mental Disorders,MSH,Mental or Behavioral Dysfunction,umls_exact,1.0,10.0,HBI-MED-001,Mental Health,MESH-MH-001,0,0
Chad Bousman,mem_d21327a3f5,https://profiles.ucalgary.ca/chad-bousman,"genomics, mental illness, pharmacotherapy, pharmacogenomics",permissive_extractor,Drug Therapy,accepted,filtered UMLS concept with curated HBI umbrella,C0013216,UMLS_CUI,Pharmacotherapy,Drug Therapy,Drug Therapy,MSH,Therapeutic or Preventive Procedure,umls_exact,0.237,9.93,HBI-MED-008,Pharmacology and Therapeutics,MESH-PHARM-001,1,2021
Chad Bousman,mem_d21327a3f5,https://profiles.ucalgary.ca/chad-bousman,"genomics, mental illness, pharmacotherapy, pharmacogenomics",permissive_extractor,pharmacogenomics,accepted,local MeSH fallback after broad UMLS candidate search,D010597,MeSH,,Pharmacogenetics,Pharmacogenetics,MSH,,mesh_fallback,1.0,10.0,HBI-MED-009,Genetics and Genomics,MESH-GEN-001,37,2026
Chad Bousman,mem_d21327a3f5,https://profiles.ucalgary.ca/chad-bousman,mental illness,permissive_extractor | structured_source,mental illness,accepted,filtered UMLS concept with curated HBI umbrella,C0004936,UMLS_CUI,Mental disorders,Mental Disorders,Mental Disorders,MSH,Mental or Behavioral Dysfunction,umls_exact,0.467,9.73,HBI-MED-001,Mental Health,MESH-MH-001,0,0
Chad Bousman,mem_d21327a3f5,https://profiles.ucalgary.ca/chad-bousman,Pharmacogenomics,structured_source,Pharmacogenomics,accepted,local MeSH fallback after broad UMLS candidate search,D010597,MeSH,,Pharmacogenetics,Pharmacogenetics,MSH,,mesh_fallback,1.0,10.0,HBI-MED-009,Genetics and Genomics,MESH-GEN-001,37,2026
Chad Bousman,mem_d21327a3f5,https://profiles.ucalgary.ca/chad-bousman,Pharmacotherapy,structured_source,Pharmacotherapy,accepted,filtered UMLS concept with curated HBI umbrella,C0013216,UMLS_CUI,Pharmacotherapy,Drug Therapy,Drug Therapy,MSH,Therapeutic or Preventive Procedure,umls_exact,1.0,10.0,HBI-MED-008,Pharmacology and Therapeutics,MESH-PHARM-001,1,2021
Chad Bousman,mem_d21327a3f5,https://profiles.ucalgary.ca/chad-bousman,schizophrenia,permissive_extractor,schizophrenia,accepted,filtered UMLS concept with curated HBI umbrella,C0036341,UMLS_CUI,Schizophrenia,Schizophrenia,Schizophrenia,MSH,Mental or Behavioral Dysfunction,umls_exact,1.0,10.0,HBI-MED-001,Mental Health,MESH-MH-001,28,2026
David Park,mem_f80aadfb52,https://profiles.ucalgary.ca/david-park,Cellular mechanisms to improve recovery after stroke,structured_source,Stroke,accepted,filtered UMLS concept with curated HBI umbrella,C0038454,UMLS_CUI,Cerebrovascular accident,Stroke,Stroke,MSH,Disease or Syndrome,umls_exact,0.08,10.0,HBI-MED-006,Cardiovascular Health,MESH-CARDIO-001,3,2017
David Park,mem_f80aadfb52,https://profiles.ucalgary.ca/david-park,genetic causes of parkinson's,permissive_extractor,genetic causes of parkinson's,unresolved,no sufficiently similar medical UMLS or MeSH concept,,,,,,,,,0.0,0.0,,,,0,0
David Park,mem_f80aadfb52,https://profiles.ucalgary.ca/david-park,Genetic causes of Parkinson's disease,structured_source,Parkinson Disease,accepted,filtered UMLS concept with curated HBI umbrella,C0030567,UMLS_CUI,Parkinson Disease,Parkinson Disease,Parkinson Disease,MSH,Disease or Syndrome,umls_exact,1.0,10.0,HBI-MED-002,Neurological Disorders,MESH-NEURO-001,1,2010
David Park,mem_f80aadfb52,https://profiles.ucalgary.ca/david-park,genetic causes of the disease,permissive_extractor,genetic causes of the disease,review,medical UMLS concept found below automatic confidence threshold,C6023494,UMLS_CUI,"Reproductive medicine (preimplantation genetic assessment), analysis for known genetic disorders from trophectoderm biopsy, linkage analysis of disease-causing locus, and when possible, targeted mutation analysis for known familial variant, reported as low-risk or high-risk for familial genetic disorder","Reproductive medicine (preimplantation genetic assessment), analysis for known genetic disorders from trophectoderm biopsy, linkage analysis of disease-causing locus, and when possible, targeted mutation analysis for known familial variant, reported as low-risk or high-risk for familial genetic disorder",,CPT,Laboratory Procedure,umls_words,0.046,7.2,HBI-MED-009,Genetics and Genomics,MESH-GEN-001,0,0
David Park,mem_f80aadfb52,https://profiles.ucalgary.ca/david-park,Genetic links to familial Parkinson's disease,structured_source,Parkinson Disease,accepted,filtered UMLS concept with curated HBI umbrella,C0030567,UMLS_CUI,Parkinson Disease,Parkinson Disease,Parkinson Disease,MSH,Disease or Syndrome,umls_exact,1.0,10.0,HBI-MED-002,Neurological Disorders,MESH-NEURO-001,1,2010
David Park,mem_f80aadfb52,https://profiles.ucalgary.ca/david-park,movement disorders,permissive_extractor | structured_source,movement disorders,accepted,filtered UMLS concept with curated HBI umbrella,C0026650,UMLS_CUI,Movement Disorders,Movement Disorders,Movement Disorders,MSH,Disease or Syndrome,umls_exact,1.0,10.0,HBI-MED-002,Neurological Disorders,MESH-NEURO-001,0,0
David Park,mem_f80aadfb52,https://profiles.ucalgary.ca/david-park,parkinson disease,permissive_extractor,parkinson disease,accepted,filtered UMLS concept with curated HBI umbrella,C0030567,UMLS_CUI,Parkinson Disease,Parkinson Disease,Parkinson Disease,MSH,Disease or Syndrome,umls_exact,1.0,10.0,HBI-MED-002,Neurological Disorders,MESH-NEURO-001,1,2010
David Park,mem_f80aadfb52,https://profiles.ucalgary.ca/david-park,stroke,permissive_extractor | structured_source,stroke,accepted,filtered UMLS concept with curated HBI umbrella,C0038454,UMLS_CUI,Cerebrovascular accident,Stroke,Stroke,MSH,Disease or Syndrome,umls_exact,0.08,10.0,HBI-MED-006,Cardiovascular Health,MESH-CARDIO-001,3,2017
David Park,mem_f80aadfb52,https://profiles.ucalgary.ca/david-park,Stroke-related neurodegeneration,structured_source,Stroke,accepted,filtered UMLS concept with curated HBI umbrella,C0038454,UMLS_CUI,Cerebrovascular accident,Stroke,Stroke,MSH,Disease or Syndrome,umls_exact,0.08,10.0,HBI-MED-006,Cardiovascular Health,MESH-CARDIO-001,3,2017
John (Gregory) Cairncross,mem_c3e463f320,https://profiles.ucalgary.ca/john-gregory-cairncross,he founded the brain tumor,permissive_extractor,he founded the brain tumor,rejected,narrative fragment,,,,,,,,,0.0,0.0,,,,0,0
John (Gregory) Cairncross,mem_c3e463f320,https://profiles.ucalgary.ca/john-gregory-cairncross,in neurology in new york,permissive_extractor,in neurology in new york,rejected,narrative fragment containing a geographic entity,,,,,,,,,0.0,0.0,,,,0,0
John (Gregory) Cairncross,mem_c3e463f320,https://profiles.ucalgary.ca/john-gregory-cairncross,Modeling the initiation of Glioblastoma,structured_source,Glioblastoma,accepted,filtered UMLS concept with curated HBI umbrella,C0017636,UMLS_CUI,Glioblastoma,Glioblastoma,Glioblastoma,MSH,Neoplastic Process,umls_exact,1.0,10.0,HBI-MED-004,Cancer and Tumours,MESH-ONC-001,0,0
John (Gregory) Cairncross,mem_c3e463f320,https://profiles.ucalgary.ca/john-gregory-cairncross,Preventing resistance to Temozolomide,structured_source,Temozolomide,accepted,filtered UMLS concept with curated HBI umbrella,C0076080,UMLS_CUI,temozolomide,Temozolomide,Temozolomide,MSH,Organic Chemical | Pharmacologic Substance,umls_exact,1.0,10.0,HBI-MED-008,Pharmacology and Therapeutics,MESH-PHARM-001,0,0
John (Gregory) Cairncross,mem_c3e463f320,https://profiles.ucalgary.ca/john-gregory-cairncross,type of brain cancer,permissive_extractor,Brain Neoplasms,accepted,filtered UMLS concept with curated HBI umbrella,C0006118,UMLS_CUI,Brain Neoplasms,Brain Neoplasms,Brain Neoplasms,MSH,Neoplastic Process,umls_exact,1.0,10.0,HBI-MED-004,Cancer and Tumours,MESH-ONC-001,0,0
Wayne S.R. Chen,mem_03c6777c7f,https://cumming.ucalgary.ca/departments/bmb/profiles/dr-wayne-sr-chen,anti-arrhythmic drugs,permissive_extractor,Anti-Arrhythmia Agents,accepted,filtered UMLS concept with curated HBI umbrella,C0003195,UMLS_CUI,Anti-Arrhythmia Agents,Anti-Arrhythmia Agents,Anti-Arrhythmia Agents,MSH,Pharmacologic Substance,umls_exact,1.0,10.0,HBI-MED-008,Pharmacology and Therapeutics,MESH-PHARM-001,0,0
Wayne S.R. Chen,mem_03c6777c7f,https://cumming.ucalgary.ca/departments/bmb/profiles/dr-wayne-sr-chen,cellular basis of cardiac arrhythmia,permissive_extractor,"Arrhythmias, Cardiac",accepted,filtered UMLS concept with curated HBI umbrella,C0003811,UMLS_CUI,Cardiac Arrhythmia,"Arrhythmias, Cardiac","Arrhythmias, Cardiac",MSH,Disease or Syndrome,umls_exact,0.416,9.73,HBI-MED-006,Cardiovascular Health,MESH-CARDIO-001,0,0
Wayne S.R. Chen,mem_03c6777c7f,https://cumming.ucalgary.ca/departments/bmb/profiles/dr-wayne-sr-chen,development of novel anti-arrhythmic therapies,permissive_extractor,Anti-Arrhythmia Agents,accepted,filtered UMLS concept with curated HBI umbrella,C0003195,UMLS_CUI,Anti-Arrhythmia Agents,Anti-Arrhythmia Agents,Anti-Arrhythmia Agents,MSH,Pharmacologic Substance,umls_exact,1.0,10.0,HBI-MED-008,Pharmacology and Therapeutics,MESH-PHARM-001,0,0
Wayne S.R. Chen,mem_03c6777c7f,https://cumming.ucalgary.ca/departments/bmb/profiles/dr-wayne-sr-chen,development of novel anti-arrhythmic therapies,permissive_extractor,Therapeutics,accepted,filtered UMLS concept with curated HBI umbrella,C0087111,UMLS_CUI,Therapeutic procedure,Therapeutics,Therapeutics,MSH,Therapeutic or Preventive Procedure,umls_exact,0.267,9.73,HBI-MED-008,Pharmacology and Therapeutics,MESH-PHARM-001,0,0
Wayne S.R. Chen,mem_03c6777c7f,https://cumming.ucalgary.ca/departments/bmb/profiles/dr-wayne-sr-chen,fluorescence ca2+ imaging,permissive_extractor,fluorescence ca2+ imaging,unresolved,no sufficiently similar medical UMLS or MeSH concept,,,,,,,,,0.0,0.0,,,,0,0
Wayne S.R. Chen,mem_03c6777c7f,https://cumming.ucalgary.ca/departments/bmb/profiles/dr-wayne-sr-chen,(iv) regulation of ryr by phosphorylation,permissive_extractor,Ryanodine Receptor Calcium Release Channel,accepted,filtered UMLS concept with curated HBI umbrella,C0054493,UMLS_CUI,Ryanodine Receptor Calcium Release Channel,Ryanodine Receptor Calcium Release Channel,Ryanodine Receptor Calcium Release Channel,MSH,"Amino Acid, Peptide, or Protein | Receptor",umls_exact,1.0,10.0,HBI-MED-010,Cellular and Molecular Neuroscience,MESH-CELL-001,0,0
Wayne S.R. Chen,mem_03c6777c7f,https://cumming.ucalgary.ca/departments/bmb/profiles/dr-wayne-sr-chen,"regulation of RyR by phosphorylation, calmodulin and other protein regulators; and",legacy_research_narrative,Ryanodine Receptor Calcium Release Channel,accepted,filtered UMLS concept with curated HBI umbrella,C0054493,UMLS_CUI,Ryanodine Receptor Calcium Release Channel,Ryanodine Receptor Calcium Release Channel,Ryanodine Receptor Calcium Release Channel,MSH,"Amino Acid, Peptide, or Protein | Receptor",umls_exact,1.0,10.0,HBI-MED-010,Cellular and Molecular Neuroscience,MESH-CELL-001,0,0
Wayne S.R. Chen,mem_03c6777c7f,https://cumming.ucalgary.ca/departments/bmb/profiles/dr-wayne-sr-chen,single channel recordings in planar lipid bilayers,permissive_extractor,single channel recordings in planar lipid bilayers,unresolved,no sufficiently similar medical UMLS or MeSH concept,,,,,,,,,0.0,0.0,,,,0,0
Wayne S.R. Chen,mem_03c6777c7f,https://cumming.ucalgary.ca/departments/bmb/profiles/dr-wayne-sr-chen,(ii) the molecular actions of pro,permissive_extractor,the molecular actions of pro,unresolved,no sufficiently similar medical UMLS or MeSH concept,,,,,,,,,0.0,0.0,,,,0,0
Wayne S.R. Chen,mem_03c6777c7f,https://cumming.ucalgary.ca/departments/bmb/profiles/dr-wayne-sr-chen,the molecular actions of pro- and anti-arrhythmic drugs and the development of novel anti-arrhythmic therapies,legacy_research_narrative,Anti-Arrhythmia Agents,accepted,filtered UMLS concept with curated HBI umbrella,C0003195,UMLS_CUI,Anti-Arrhythmia Agents,Anti-Arrhythmia Agents,Anti-Arrhythmia Agents,MSH,Pharmacologic Substance,umls_exact,1.0,10.0,HBI-MED-008,Pharmacology and Therapeutics,MESH-PHARM-001,0,0
Wayne S.R. Chen,mem_03c6777c7f,https://cumming.ucalgary.ca/departments/bmb/profiles/dr-wayne-sr-chen,the molecular actions of pro- and anti-arrhythmic drugs and the development of novel anti-arrhythmic therapies,legacy_research_narrative,Therapeutics,accepted,filtered UMLS concept with curated HBI umbrella,C0087111,UMLS_CUI,Therapeutic procedure,Therapeutics,Therapeutics,MSH,Therapeutic or Preventive Procedure,umls_exact,0.267,9.73,HBI-MED-008,Pharmacology and Therapeutics,MESH-PHARM-001,0,0
Wayne S.R. Chen,mem_03c6777c7f,https://cumming.ucalgary.ca/departments/bmb/profiles/dr-wayne-sr-chen,the molecular and cellular basis of cardiac arrhythmia and sudden death,legacy_research_narrative,"Arrhythmias, Cardiac",accepted,filtered UMLS concept with curated HBI umbrella,C0003811,UMLS_CUI,Cardiac Arrhythmia,"Arrhythmias, Cardiac","Arrhythmias, Cardiac",MSH,Disease or Syndrome,umls_exact,0.416,9.73,HBI-MED-006,Cardiovascular Health,MESH-CARDIO-001,0,0
Wayne S.R. Chen,mem_03c6777c7f,https://cumming.ucalgary.ca/departments/bmb/profiles/dr-wayne-sr-chen,the molecular mechanisms of RyR activation by cytoplasmic and luminal calcium,legacy_research_narrative,Ryanodine Receptor Calcium Release Channel,accepted,filtered UMLS concept with curated HBI umbrella,C0054493,UMLS_CUI,Ryanodine Receptor Calcium Release Channel,Ryanodine Receptor Calcium Release Channel,Ryanodine Receptor Calcium Release Channel,MSH,"Amino Acid, Peptide, or Protein | Receptor",umls_exact,1.0,10.0,HBI-MED-010,Cellular and Molecular Neuroscience,MESH-CELL-001,0,0
Wayne S.R. Chen,mem_03c6777c7f,https://cumming.ucalgary.ca/departments/bmb/profiles/dr-wayne-sr-chen,three-dimensional structure of RyR,legacy_research_narrative,Ryanodine Receptor Calcium Release Channel,accepted,filtered UMLS concept with curated HBI umbrella,C0054493,UMLS_CUI,Ryanodine Receptor Calcium Release Channel,Ryanodine Receptor Calcium Release Channel,Ryanodine Receptor Calcium Release Channel,MSH,"Amino Acid, Peptide, or Protein | Receptor",umls_exact,1.0,10.0,HBI-MED-010,Cellular and Molecular Neuroscience,MESH-CELL-001,0,0
